<?xml version="1.0" encoding="UTF-8"?>
<!--

    Copyright 2005-2014 The Kuali Foundation

    Licensed under the Educational Community License, Version 2.0 (the "License");
    you may not use this file except in compliance with the License.
    You may obtain a copy of the License at

    http://www.opensource.org/licenses/ecl2.php

    Unless required by applicable law or agreed to in writing, software
    distributed under the License is distributed on an "AS IS" BASIS,
    WITHOUT WARRANTIES OR CONDITIONS OF ANY KIND, either express or implied.
    See the License for the specific language governing permissions and
    limitations under the License.

-->
<data xmlns="ns:workflow" xmlns:xsi="http://www.w3.org/2001/XMLSchema-instance" xsi:schemaLocation="ns:workflow resource:WorkflowData">
  <documentTypes xmlns="ns:workflow/DocumentType" xsi:schemaLocation="ns:workflow/DocumentType resource:DocumentType">
    <documentType>
      <name>AgendaMaintenanceDocument</name>
      <parent>RiceDocument</parent>
      <description>Create a New Agenda</description>
      <label>Agenda Maintenance Document</label>
      <postProcessorName>org.kuali.rice.krad.workflow.postprocessor.KualiPostProcessor</postProcessorName>
      <superUserGroupName namespace="KR-WKFLW">WorkflowAdmin</superUserGroupName>
      <blanketApproveGroupName namespace="KR-WKFLW">WorkflowAdmin</blanketApproveGroupName>
      <defaultExceptionGroupName namespace="KR-WKFLW">WorkflowAdmin</defaultExceptionGroupName>
      <docHandler>${kr.krad.url}/maintenance?methodToCall=docHandler</docHandler>
      <active>true</active>
      <routingVersion>2</routingVersion>
      <policies>
        <policy>
         <name>DOC_SEARCH_TARGET</name>
         <stringValue>_parent</stringValue>
        </policy>
 	 </policies>
    </documentType>
  </documentTypes>
</data>
