<?xml version="1.0" encoding="UTF-8"?>
<!--
   - Kuali Coeus, a comprehensive research administration system for higher education.
   - 
   - Copyright 2005-2015 Kuali, Inc.
   - 
   - This program is free software: you can redistribute it and/or modify
   - it under the terms of the GNU Affero General Public License as
   - published by the Free Software Foundation, either version 3 of the
   - License, or (at your option) any later version.
   - 
   - This program is distributed in the hope that it will be useful,
   - but WITHOUT ANY WARRANTY; without even the implied warranty of
   - MERCHANTABILITY or FITNESS FOR A PARTICULAR PURPOSE.  See the
   - GNU Affero General Public License for more details.
   - 
   - You should have received a copy of the GNU Affero General Public License
   - along with this program.  If not, see <http://www.gnu.org/licenses/>.
 -->
<data xmlns="ns:workflow" xmlns:xsi="http://www.w3.org/2001/XMLSchema-instance" xsi:schemaLocation="ns:workflow resource:WorkflowData">
	<documentTypes xmlns="ns:workflow/DocumentType" xsi:schemaLocation="ns:workflow/DocumentType resource:DocumentType">
		<documentType>
			<name>NegotiationDocument</name>
			<description>Create a Negotiation</description>
			<label>Negotiation Document</label>
			<parent>KC</parent>
			<docHandler>${kuali.docHandler.url.prefix}/negotiationNegotiation.do?methodToCall=docHandler</docHandler>
            <helpDefinitionURL>default.htm?turl=Documents/negotiation.htm</helpDefinitionURL>
			<policies>
				<policy>
		     		<name>INITIATOR_MUST_CANCEL</name>
		            <value>false</value>
		         </policy>
	         </policies>
		</documentType>
	</documentTypes>	
</data>
