<?xml version="1.0" encoding="UTF-8"?>
<data xmlns="ns:workflow" xmlns:xsi="http://www.w3.org/2001/XMLSchema-instance" xsi:schemaLocation="ns:workflow resource:WorkflowData">

	<ruleAttributes xmlns="ns:workflow/RuleAttribute" xsi:schemaLocation="ns:workflow/RuleAttribute resource:RuleAttribute">
		<ruleAttribute>
			<name>CopyCustomActionListAttribute</name>
			<className>
				org.kuali.kra.workflow.CopyCustomActionListAttribute
			</className>
			<label>Copy Action List Attribute</label>
			<description>Copy Action List Attribute</description>
			<type>ActionListAttribute</type>
			<serviceNamespace>KC</serviceNamespace>
		</ruleAttribute>

		<ruleAttribute>
			<name>AggregatorSearchAttribute</name>
			<className>org.kuali.rice.kew.docsearch.xml.StandardGenericXMLSearchableAttribute</className>
			<label>AggregatorSearchAttribute</label>
			<description>AggregatorSearchAttribute</description>
			<type>SearchableXmlAttribute</type>
			<serviceNamespace>KC</serviceNamespace>
			<searchingConfig>
				<fieldDef name="aggregator" title="Aggregator">
					<display>
						<type>text</type>
					</display>
					<lookup businessObjectClass="org.kuali.rice.kim.api.identity.Person">
				      <fieldConversions>
				        <fieldConversion lookupFieldName="principalName" localFieldName="aggregator"/>
				      </fieldConversions>
				    </lookup>
					
					<fieldEvaluation>
						<!-- not sure yet -->
						<!--  example //organization/organizationId -->
						<xpathexpression>
							//aggregator/string
						</xpathexpression>
					</fieldEvaluation>
				</fieldDef>
				<xmlSearchContent>
					<users>
						<aggregator>
							<value>%aggregator%</value>
						</aggregator>
					</users>
				</xmlSearchContent>
			</searchingConfig>
		</ruleAttribute>
		<ruleAttribute>
			<name>BudgetCreatorSearchAttribute</name>
			<className>
				org.kuali.rice.kew.docsearch.xml.StandardGenericXMLSearchableAttribute
			</className>
			<label>BudgetCreatorSearchAttribute</label>
			<description>BudgetCreatorSearchAttribute</description>
			<type>SearchableXmlAttribute</type>
			<serviceNamespace>KC</serviceNamespace>
			<searchingConfig>
				<fieldDef name="budgetCreator" title="Budget Creator">
					<display>
						<type>text</type>
					</display>
					<lookup businessObjectClass="org.kuali.rice.kim.api.identity.Person">
				      <fieldConversions>
				        <fieldConversion lookupFieldName="principalName" localFieldName="budgetCreator"/>
				      </fieldConversions>
				    </lookup>
					
					<fieldEvaluation>
						<xpathexpression>
							//budgetcreator/string
						</xpathexpression>
					</fieldEvaluation>
				</fieldDef>
				<xmlSearchContent>
					<users>
						<budgetCreator>
							<value>%budgetCreator%</value>
						</budgetCreator>
					</users>
				</xmlSearchContent>
			</searchingConfig>
		</ruleAttribute>
		<ruleAttribute>
			<name>NarrativeWriterSearchAttribute</name>
			<className>org.kuali.rice.kew.docsearch.xml.StandardGenericXMLSearchableAttribute</className>
			<label>NarrativeWriterSearchAttribute</label>
			<description>NarrativeWriterSearchAttribute</description>
			<type>SearchableXmlAttribute</type>
			<serviceNamespace>KC</serviceNamespace>
			<searchingConfig>
				<fieldDef name="narrativeWriter"
					title="Narrative Writer">
					<display>
						<type>text</type>
					</display>
					<lookup businessObjectClass="org.kuali.rice.kim.api.identity.Person">
				      <fieldConversions>
				        <fieldConversion lookupFieldName="principalName" localFieldName="narrativeWriter"/>
				      </fieldConversions>
				    </lookup>
					
					<fieldEvaluation>
						<xpathexpression>
							//narrativewriter/string
						</xpathexpression>
					</fieldEvaluation>
				</fieldDef>
				<xmlSearchContent>
					<users>
						<narrativeWriter>
							<value>%narrativeWriter%</value>
						</narrativeWriter>
					</users>
				</xmlSearchContent>
			</searchingConfig>
		</ruleAttribute>
		<ruleAttribute>
			<name>ViewerSearchAttribute</name>
			<className>org.kuali.rice.kew.docsearch.xml.StandardGenericXMLSearchableAttribute</className>
			<label>ViewerSearchAttribute</label>
			<description>ViewerSearchAttribute</description>
			<type>SearchableXmlAttribute</type>
			<serviceNamespace>KC</serviceNamespace>
			<searchingConfig>
				<fieldDef name="viewer" title="Viewer">
					<display>
						<type>text</type>
					</display>
					<lookup businessObjectClass="org.kuali.rice.kim.api.identity.Person">
				      <fieldConversions>
				        <fieldConversion lookupFieldName="principalName" localFieldName="viewer"/>
				      </fieldConversions>
				    </lookup>
					
					<fieldEvaluation>
						<xpathexpression>
							//viewer/string
						</xpathexpression>
					</fieldEvaluation>
				</fieldDef>
				<xmlSearchContent>
					<users>
						<viewer>
							<value>%viewer%</value>
						</viewer>
					</users>
				</xmlSearchContent>
			</searchingConfig>
		</ruleAttribute>
		
		<ruleAttribute>
			<name>ProposalNumberAttribute</name>
			<className>org.kuali.rice.kew.docsearch.xml.StandardGenericXMLSearchableAttribute</className>
			<label>ProposalNumberSearchAttribute</label>
			<description>ProposalNumberSearchAttribute</description>
			<type>SearchableXmlAttribute</type>
			<serviceNamespace>KC</serviceNamespace>
			<searchingConfig>
				<fieldDef name="proposalNumber" title="Proposal ID">
					<display>
						<type>text</type>
					</display>
					<fieldEvaluation>
						<xpathexpression>
							//document/developmentProposal/proposalNumber
						</xpathexpression>
					</fieldEvaluation>
				</fieldDef>
				<xmlSearchContent>
					<users>
						<viewer>
							<value>%proposalNumber%</value>
						</viewer>
					</users>
				</xmlSearchContent>
			</searchingConfig>
		</ruleAttribute>
		
		
		<ruleAttribute>
			<name>DepartmentalApprovalAttribute</name>
			<className>
				org.kuali.rice.kew.rule.xmlrouting.StandardGenericXMLRuleAttribute
			</className>
			<label>DepartmentalApprovalAttribute</label>
			<description>DepartmentalApprovalAttribute</description>
			<type>RuleXmlAttribute</type>
			<serviceNamespace>KC</serviceNamespace>
			<routingConfig>
				<fieldDef name="ownedByUnitNumber" title="Lead Unit"
					workflowType="RULE">
					<display>
						<type>text</type>
					</display>
					<validation required="false" />
					<fieldEvaluation>
						<xpathexpression>
						  	wf:xstreamsafe('//document/developmentProposal/ownedByUnitNumber')= wf:ruledata('ownedByUnitNumber')
						</xpathexpression>
					</fieldEvaluation>
				</fieldDef>
			</routingConfig>
		</ruleAttribute>

           
		
		<ruleAttribute>
			<name>DepartmentalBudgetApprovalAttribute</name>
			<className>
				org.kuali.rice.kew.rule.xmlrouting.StandardGenericXMLRuleAttribute
			</className>
			<label>DepartmentalBudgetApprovalAttribute</label>
			<description>
				DepartmentalBudgetApprovalAttribute
			</description>
			<type>RuleXmlAttribute</type>
			<serviceNamespace>KC</serviceNamespace>
			<routingConfig>
				<fieldDef name="totalCost" title="Total"
					workflowType="RULE">
					<display>
						<type>text</type>
					</display>
					<validation required="false" />
					<fieldEvaluation>
						<xpathexpression>
							wf:xstreamsafe('//document/developmentProposal/ownedByUnitNumber')= 'IN-CARD' and wf:xstreamsafe("//document/developmentProposal/finalBudget/totalCost/value") &gt;= wf:ruledata('totalCost')
						</xpathexpression>
					</fieldEvaluation>
				</fieldDef>
			</routingConfig>
		</ruleAttribute>



		<!-- custom attribute -->
		<ruleAttribute>
            <name>CustomDataAttribute</name>
            <className>org.kuali.rice.kew.rule.xmlrouting.StandardGenericXMLRuleAttribute</className>
            <label>CustomDataAttribute</label>
            <description>CustomDataAttribute</description>
            <type>RuleXmlAttribute</type>
			<serviceNamespace>KC</serviceNamespace>
            <routingConfig>
                <!-- work in progress -->
                <fieldDef name="billingElement" title="Billing Element" workflowType="RULE">
                    <display>
                        <type>text</type>
                    </display>
                    <validation required="false" />
                    <fieldEvaluation>
                        <!-- expectation: this is run and evaluates to true -->
                        <xpathexpression>string(//xmlRouting/field[@name='billingElement']/value) = wf:ruledata('billingElement')</xpathexpression>
                    </fieldEvaluation>
                </fieldDef>
                <fieldDef name="graduateStudentCount" title="Graduate Student Count" workflowType="RULE">
                    <display>
                        <type>text</type>
                    </display>
                    <validation required="false" />
                    <fieldEvaluation>
                        <!-- expectation: this is run and evaluates to true -->
                        <xpathexpression>string(//xmlRouting/field[@name='graduateStudentCount']/value) = wf:ruledata('graduateStudentCount')</xpathexpression>
                    </fieldEvaluation>
                </fieldDef>
                <fieldDef name="costSharingBudget" title="Cost Sharing Budget" workflowType="RULE">
                    <display>
                        <type>text</type>
                    </display>
                    <validation required="false" />
                    <fieldEvaluation>
                        <!-- expectation: this is run and evaluates to true -->
                        <xpathexpression>string(//xmlRouting/field[@name='costSharingBudget']/value) = wf:ruledata('costSharingBudget')</xpathexpression>
                    </fieldEvaluation>
                </fieldDef>
     			<fieldDef name="numberOfTrainees" title="Number Of Trainees" workflowType="RULE">
                    <display>
                        <type>text</type>
                    </display>
                    <validation required="false" />
                    <fieldEvaluation>
                        <!-- expectation: this is run and evaluates to true -->
                        <xpathexpression>string(//xmlRouting/field[@name='numberOfTrainees']/value) = wf:ruledata('numberOfTrainees')</xpathexpression>
                    </fieldEvaluation>
                </fieldDef>
                <fieldDef name="tenured" title="Tenured" workflowType="RULE">
                    <display>
                        <type>text</type>
                    </display>
                    <validation required="false" />
                    <fieldEvaluation>
                        <!-- expectation: this is run and evaluates to true -->
                        <xpathexpression>string(//xmlRouting/field[@name='tenured']/value) = wf:ruledata('tenured')</xpathexpression>
                    </fieldEvaluation>
                </fieldDef>
                <fieldDef name="exportControls" title="Export Controls" workflowType="RULE">
                    <display>
                        <type>text</type>
                    </display>
                    <validation required="false" />
                    <fieldEvaluation>
                        <!-- expectation: this is run and evaluates to true -->
                        <xpathexpression>string(//xmlRouting/field[@name='exportControls']/value) = wf:ruledata('exportControls')</xpathexpression>
                    </fieldEvaluation>
                </fieldDef>
                <fieldDef name="inventions" title="Inventions" workflowType="RULE">
                    <display>
                        <type>text</type>
                    </display>
                    <validation required="false" /> 
                    <fieldEvaluation>
                        <!-- expectation: this is run and evaluates to true -->
                        <xpathexpression>string(//xmlRouting/field[@name='inventions']/value) = wf:ruledata('inventions')</xpathexpression>
                    </fieldEvaluation>
                </fieldDef>
                <fieldDef name="effDate" title="Effective Date" workflowType="RULE">
                    <display>
                        <type>text</type>
                    </display>
                    <validation required="false" />
                    <fieldEvaluation>
                        <!-- expectation: this is run and evaluates to true -->
                        <xpathexpression>string(//xmlRouting/field[@name='effDate']/value) = wf:ruledata('effDate')</xpathexpression>
                    </fieldEvaluation>
                </fieldDef>
            </routingConfig>
        </ruleAttribute>
		
		<ruleAttribute>
			<name>ProposalPersons-XPathQualifierResolver</name>
			<className>org.kuali.rice.kew.role.XPathQualifierResolver</className>
			<label>ProposalPersons-XPathQualifierResolver</label>
			<description>ProposalPersons-XPathQualifierResolver</description>
			<type>QualifierResolver</type>
			<serviceNamespace>KC</serviceNamespace>
			<resolverConfig>
				<attributes name="proposal">
					<xPathExpression>//document/developmentProposal/proposalNumber</xPathExpression>
				</attributes>
			</resolverConfig>
		</ruleAttribute>

		<ruleAttribute>
			<name>DepartmentRouting-XPathQualifierResolver</name>
			<className>org.kuali.rice.kew.role.XPathQualifierResolver</className>
			<label>DepartmentRouting-XPathQualifierResolver</label>
			<description>DepartmentRouting-XPathQualifierResolver</description>
			<type>QualifierResolver</type>
			<serviceNamespace>KC</serviceNamespace>
			<resolverConfig>
				<attributes name="unitNumber">
					<xPathExpression>//document/developmentProposal/ownedByUnitNumber</xPathExpression>
				</attributes>
			</resolverConfig>
		</ruleAttribute>

	</ruleAttributes>

	<documentTypes xmlns="ns:workflow/DocumentType" xsi:schemaLocation="ns:workflow/DocumentType resource:DocumentType">
		<documentType>
			<name>ProposalDevelopmentDocument</name>
			<description>
				Create an Awesome Development Proposal
			</description>
			<label>Proposal Development Document</label>
			<parent>KC</parent>
			<postProcessorName>org.kuali.rice.krad.workflow.postprocessor.KualiPostProcessor</postProcessorName>
		 	<superUserWorkgroupName>KC-WKFLW:OSP Superuser</superUserWorkgroupName>
			<defaultExceptionWorkgroupName>KC-WKFLW:ProposalAdmin</defaultExceptionWorkgroupName>
			<docHandler>${kuali.docHandler.url.prefix}/kc-pd-krad/proposalDevelopment?methodToCall=docHandler</docHandler>
			<helpDefinitionURL>default.htm?turl=Documents/proposaldevelopment.htm</helpDefinitionURL>
			<authorizer>org.kuali.coeus.propdev.impl.auth.ProposalDevelopmentWorkflowDocumentAuthorizer</authorizer>
			<active>true</active>
			<policies>
				<policy>
					<name>LOOK_FUTURE</name>
					<value>true</value>
				</policy>
				<policy>
                    <name>INITIATOR_MUST_ROUTE</name>
                    <value>false</value>
                </policy>
				<policy>
                    <name>INITIATOR_MUST_CANCEL</name>
                    <value>false</value>
                </policy>                
                <policy>
                	<name>DOCUMENT_STATUS_POLICY</name>
                	<stringValue>app</stringValue>
                </policy>
                 <policy>
                    <name>DOC_SEARCH_TARGET</name>
                    <stringValue>_parent</stringValue>
                </policy>
 			</policies>
			<attributes>
				<attribute>
					<name>CopyCustomActionListAttribute</name>
				</attribute>
				<attribute>
					<name>AggregatorSearchAttribute</name>
				</attribute>
				<attribute>
					<name>BudgetCreatorSearchAttribute</name>
				</attribute>
				<attribute>
					<name>NarrativeWriterSearchAttribute</name>
				</attribute>
				<attribute>
					<name>ViewerSearchAttribute</name>
				</attribute>
			</attributes>
			<routePaths>
				<routePath>
					<start name="Initiated" nextNode="PeopleFlows"/>
					<requests name="PeopleFlows" />
				</routePath>
			</routePaths>
			<routeNodes>
				<start name="Initiated">
					<activationType>P</activationType>
					<mandatoryRoute>false</mandatoryRoute>
					<finalApproval>false</finalApproval>
				</start>
	            <requests name="PeopleFlows">
                    <activationType>R</activationType>
                    <forceAction>true</forceAction>
                    <rulesEngine executorClass="org.kuali.coeus.propdev.impl.core.ProposalDevelopmentRulesEngineExecutorImpl"/>
                </requests>
			</routeNodes>
		</documentType>
	</documentTypes>
	<ruleTemplates xmlns="ns:workflow/RuleTemplate" xsi:schemaLocation="ns:workflow/RuleTemplate resource:RuleTemplate">
		
		<ruleTemplate allowOverwrite="true">
			<name>CustomApproval</name>
			<description>Custom Approval Routing Rule</description>
			<attributes>
				<attribute>
					<name>CustomDataAttribute</name>
					<required>false</required>
				</attribute>
			</attributes>
		</ruleTemplate>

		<ruleTemplate allowOverwrite="true">
			<name>DepartmentalApproval</name>
			<description>Department Approval Routing Rule</description>
			<!--FIXME: this definition is missing -->
			<!-- <delegationTemplate>DepartmentalDelegationTemplate</delegationTemplate>-->
			<attributes>
				<attribute>
					<name>DepartmentalApprovalAttribute</name>
					<required>false</required>
				</attribute>
				<attribute>
					<name>DepartmentalBudgetApprovalAttribute</name>
					<required>false</required>
				</attribute>
			</attributes>
		</ruleTemplate>

		<ruleTemplate allowOverwrite="true">
			<name>HierarchyParentDispositionApproval</name>
			<description>Approval rule from the hierarchy parent to hierarchy children.</description>
		</ruleTemplate>
	</ruleTemplates>


	<rules xmlns="ns:workflow/Rule" xsi:schemaLocation="ns:workflow/Rule resource:Rule">
    
		<rule>
			<name>ApprovalForHierarchyChildren</name>
      		<documentType>ProposalDevelopmentDocument</documentType>
      		<ruleTemplate>HierarchyParentDispositionApproval</ruleTemplate>
      		<description>System User Approval for Hierarchy children.</description>
			<forceAction>true</forceAction>
      		<responsibilities>
        		<responsibility>
          			<principalName>kr</principalName>
          			<actionRequested>A</actionRequested>
          			<priority>1</priority>
        		</responsibility>
      		</responsibilities>
    	</rule>

		<rule>
			<name>CustomApprovalRouting</name>
			<documentType>ProposalDevelopmentDocument</documentType>
			<ruleTemplate>CustomApproval</ruleTemplate>
			<description>Custom approval routing</description>
			<ruleExtensions>
				<ruleExtension>
					<attribute>CustomDataAttribute</attribute>
					<ruleTemplate>CustomApproval</ruleTemplate>
					<ruleExtensionValues>
						<ruleExtensionValue>
							<key>numberOfTrainees</key>
							<value>10</value>
						</ruleExtensionValue>
					</ruleExtensionValues>
				</ruleExtension>
			</ruleExtensions>
			
			<responsibilities>
        		<responsibility>
          			<workgroup>KC-WKFLW:Proposal Development - Custom Approval Reviewers</workgroup>
          			<approvePolicy>F</approvePolicy>
          			<actionRequested>A</actionRequested>
          			<priority>1</priority>
        		</responsibility>
      		</responsibilities>
			
		</rule>
		
		<rule>
			<name>ApprovalRuleForBLIIDC</name>
			<documentType>ProposalDevelopmentDocument</documentType>
			<ruleTemplate>DepartmentalApproval</ruleTemplate>
			<description>Departmental Approval Routing Rule for BL-IIDC</description>
			<ruleExtensions>
				<ruleExtension>
					<attribute>DepartmentalApprovalAttribute</attribute>
					<ruleTemplate>DepartmentalApproval</ruleTemplate>
					<ruleExtensionValues>
						<ruleExtensionValue>
							<key>ownedByUnitNumber</key>
							<value>BL-IIDC</value>
						</ruleExtensionValue>
					</ruleExtensionValues>
				</ruleExtension>

				<!--
				<ruleExtension>
					<attribute>DepartmentalBudgetApprovalAttribute</attribute>
					<ruleTemplate>DepartmentalApproval</ruleTemplate>
					<ruleExtensionValues>
						<ruleExtensionValue>
							<key>totalCost</key>
							<value>100000</value>
						</ruleExtensionValue>
					</ruleExtensionValues>
				</ruleExtension>
				-->
			</ruleExtensions>
			
			<responsibilities>
        		<responsibility>
          			<workgroup>KC-WKFLW:Proposal Development - Department Reviewers</workgroup>
          			<approvePolicy>F</approvePolicy>
          			<actionRequested>A</actionRequested>
          			<priority>1</priority>
        		</responsibility>
      		</responsibilities>
			
			
		</rule>

	</rules>

</data>