<?xml version="1.0" encoding="UTF-8"?>
<data xmlns="ns:workflow" xmlns:xsi="http://www.w3.org/2001/XMLSchema-instance" xsi:schemaLocation="ns:workflow resource:WorkflowData">
	<documentTypes xmlns="ns:workflow/DocumentType" xsi:schemaLocation="ns:workflow/DocumentType resource:DocumentType">
		<documentType>
			<name>RoleCentralMapMaintenanceDocument</name>
			<description>Document used to create or update user roles</description>
			<label>Role Central Map MaintenanceDocument</label>
			<parent>KcSharedMaintenanceDocument</parent>
			<helpDefinitionURL>default.htm?turl=Documents/documentaccess.htm</helpDefinitionURL>
            <docHandler>${kr.krad.url}/maintenance?methodToCall=docHandler</docHandler>
		</documentType>
	</documentTypes>	
</data>

