<?xml version="1.0" encoding="UTF-8"?>
<data xmlns="ns:workflow" xmlns:xsi="http://www.w3.org/2001/XMLSchema-instance" xsi:schemaLocation="ns:workflow resource:WorkflowData">
    <documentTypes xmlns="ns:workflow/DocumentType" xsi:schemaLocation="ns:workflow/DocumentType resource:DocumentType">
        <documentType>
            <name>SapFeedDetailsMaintenanceDocument</name>
            <description>Create a new Document Access</description>
            <label>SAP Feed Details Maintenance Document</label>
            <parent>KcSharedMaintenanceDocument</parent>
            <helpDefinitionURL>default.htm?turl=Documents/documentaccess.htm</helpDefinitionURL>
            <docHandler>${kr.krad.url}/maintenance?methodToCall=docHandler</docHandler>
        </documentType>
    </documentTypes> 
</data>
